Workbook

Sheet Questions
A1: ID | B1: Sual | C1: A | D1: B | E1: C | F1: D | G1: Düzgün cavab | H1: Çətinlik | I1: Mövzu | J1: İzah | K1: Şəkil faylı | L1: Şəkil alt mətni | M1: Şəkil mənbəyi | N1: Şəkil lisenziyası | O1: Sual mənbəyi | P1: Status | Q1: Qeyd
A2: LIT-001 | B2: "Xəmsə" kimin əsəridir? | C2: Məhəmməd Füzuli | D2: Nəsimi | E2: Nizami Gəncəvi | F2: Xaqani Şirvani | G2: C | H2: Easy | I2: Klassik poeziya | J2: "Xəmsə" Nizami Gəncəvinin poemalarından ibarət məşhur toplusudur. | O2: https://az.wikipedia.org/wiki/Nizami_G%C9%99nc%C9%99vi | P2: Təsdiqlənib | Q2: Yoxlandı 16.09.2026: mənbədə "Xəmsə" ifadəsi ilə cavab təsdiqləndi.
A3: LIT-002 | B3: Azərbaycan türkcəsində "Leyli və Məcnun" poemasını yazan klassik şair kimdir? | C3: Məhəmməd Füzuli | D3: Molla Pənah Vaqif | E3: Nizami Gəncəvi | F3: Şah İsmayıl Xətai | G3: A | H3: Easy | I3: Klassik poeziya | J3: Füzuli "Leyli və Məcnun"u ana dilində yazmışdır; Nizaminin eyniadlı poeması fars dilindədir. | O3: https://az.wikipedia.org/wiki/M%C9%99h%C9%99mm%C9%99d_F%C3%BCzuli | P3: Təsdiqlənib | Q3: Yoxlandı 16.09.2026: mənbədə "Leyli və Məcnun" ifadəsi ilə cavab təsdiqləndi.
A4: LIT-003 | B4: "Ölülər" pyesinin müəllifi kimdir? | C4: Cəfər Cabbarlı | D4: Əbdürrəhim bəy Haqverdiyev | E4: Nəcəf bəy Vəzirov | F4: Cəlil Məmmədquluzadə | G4: D | H4: Easy | I4: Dramaturgiya | J4: "Ölülər" Cəlil Məmmədquluzadənin məşhur komediyasıdır. | O4: https://az.wikipedia.org/wiki/C%C9%99lil_M%C9%99mm%C9%99dquluzad%C9%99 | P4: Təsdiqlənib | Q4: Yoxlandı 16.09.2026: mənbədə "Ölülər" ifadəsi ilə cavab təsdiqləndi.
A5: LIT-004 | B5: "Hophopnamə" kimin şeirlər toplusudur? | C5: Seyid Əzim Şirvani | D5: Məhəmməd Hadi | E5: Abbas Səhhət | F5: Mirzə Ələkbər Sabir | G5: D | H5: Easy | I5: Satira | J5: Sabirin satirik şeirləri "Hophopnamə" adı ilə toplanmışdır. | O5: https://az.wikipedia.org/wiki/Mirz%C9%99_%C6%8Fl%C9%99kb%C9%99r_Sabir | P5: Təsdiqlənib | Q5: Yoxlandı 16.09.2026: mənbədə "Hophopnamə" ifadəsi ilə cavab təsdiqləndi.
A6: LIT-005 | B6: Qrafik portretdə təsvir olunan XIX–XX əsr satirik şairi kimdir? | C6: Seyid Əzim Şirvani | D6: Mirzə Ələkbər Sabir | E6: Məhəmməd Hadi | F6: Abbas Səhhət | G6: B | H6: Easy | I6: Portret | J6: Portretdə satirik şair Mirzə Ələkbər Sabir təsvir olunub. | K6: literature-001.webp | L6: Başında papaq olan, saqqallı kişinin qrafik portreti | M6: https://commons.wikimedia.org/wiki/File:Sabir.jpg | N6: Public domain (Wikimedia Commons) | O6: https://az.wikipedia.org/wiki/Mirz%C9%99_%C6%8Fl%C9%99kb%C9%99r_Sabir ; https://commons.wikimedia.org/wiki/File:Sabir.jpg | P6: Təsdiqlənib | Q6: Yoxlandı 16.09.2026: şəklin kimliyi Wikimedia Commons fayl təsvirində, məlumat az.wikipedia məqaləsində təsdiqləndi. Lisenziya Commons metaməlumatındandır.
A7: LIT-006 | B7: "Sevil" pyesinin müəllifi kimdir? | C7: Hüseyn Cavid | D7: Səməd Vurğun | E7: Cəfər Cabbarlı | F7: Mirzə İbrahimov | G7: C | H7: Easy | I7: Dramaturgiya | J7: "Sevil" Cəfər Cabbarlının qadın azadlığına həsr olunmuş pyesidir. | O7: https://az.wikipedia.org/wiki/C%C9%99f%C9%99r_Cabbarl%C4%B1 | P7: Təsdiqlənib | Q7: Yoxlandı 16.09.2026: mənbədə "Sevil" ifadəsi ilə cavab təsdiqləndi.
A8: LIT-007 | B8: "Vaqif" mənzum dramını kim yazmışdır? | C8: Səməd Vurğun | D8: Rəsul Rza | E8: Hüseyn Cavid | F8: Mikayıl Müşfiq | G8: A | H8: Easy | I8: Dramaturgiya | J8: "Vaqif" Səməd Vurğunun mənzum dramıdır. | O8: https://az.wikipedia.org/wiki/S%C9%99m%C9%99d_Vur%C4%9Fun | P8: Təsdiqlənib | Q8: Yoxlandı 16.09.2026: mənbədə "Vaqif" ifadəsi ilə cavab təsdiqləndi.
A9: LIT-008 | B9: "Koroğlu" dastanında Koroğlunun əsl adı nədir? | C9: Eyvaz | D9: Rövşən | E9: Həmzə | F9: Dəmirçioğlu | G9: B | H9: Easy | I9: Folklor | J9: Dastana görə Koroğlunun əsl adı Rövşəndir. | O9: https://az.wikipedia.org/wiki/Koro%C4%9Flu_dastan%C4%B1 | P9: Təsdiqlənib | Q9: Yoxlandı 16.09.2026: mənbədə "Rövşən" ifadəsi ilə cavab təsdiqləndi.
A10: LIT-009 | B10: "Şeyx Sənan" faciəsinin müəllifi kimdir? | C10: Nəriman Nərimanov | D10: Cəfər Cabbarlı | E10: Əbdürrəhim bəy Haqverdiyev | F10: Hüseyn Cavid | G10: D | H10: Easy | I10: Dramaturgiya | J10: "Şeyx Sənan" Hüseyn Cavidin məşhur faciəsidir. | O10: https://az.wikipedia.org/wiki/H%C3%BCseyn_Cavid | P10: Təsdiqlənib | Q10: Yoxlandı 16.09.2026: mənbədə "Şeyx Sənan" ifadəsi ilə cavab təsdiqləndi.
A11: LIT-010 | B11: Sepiya fotoşəkildə təsvir olunan romantik dramaturq kimdir? | C11: Abdulla Şaiq | D11: Hüseyn Cavid | E11: Əhməd Cavad | F11: Cəfər Cabbarlı | G11: B | H11: Easy | I11: Portret | J11: Fotoşəkildə dramaturq Hüseyn Cavid təsvir olunub. | K11: literature-002.webp | L11: Papaqlı, eynəkli və qalstuklu kişinin sepiya fotoportreti | M11: https://commons.wikimedia.org/wiki/File:Huseyn_Javid.jpg | N11: Public domain (Wikimedia Commons) | O11: https://az.wikipedia.org/wiki/H%C3%BCseyn_Cavid ; https://commons.wikimedia.org/wiki/File:Huseyn_Javid.jpg | P11: Təsdiqlənib | Q11: Yoxlandı 16.09.2026: şəklin kimliyi Wikimedia Commons fayl təsvirində, məlumat az.wikipedia məqaləsində təsdiqləndi. Lisenziya Commons metaməlumatındandır.
A12: LIT-011 | B12: "Kitabi-Dədə Qorqud"da Təpəgözü öldürən qəhrəman kimdir? | C12: Qazan xan | D12: Qaraca Çoban | E12: Beyrək | F12: Basat | G12: D | H12: Easy | I12: Folklor | J12: Təpəgözü Aruz Qocanın oğlu Basat öldürür. | O12: https://az.wikipedia.org/wiki/Kitabi-D%C9%99d%C9%99_Qorqud | P12: Təsdiqlənib | Q12: Yoxlandı 16.09.2026: mənbədə "Basat", "Təpəgöz" ifadəsi ilə cavab təsdiqləndi.
A13: LIT-012 | B13: "Koroğlu" dastanında Koroğlunun atının adı nədir? | C13: Qırat | D13: Səmənd | E13: Bozat | F13: Ağtulpar | G13: A | H13: Easy | I13: Folklor | J13: Koroğlunun məşhur atı Qıratdır. | O13: https://az.wikipedia.org/wiki/Q%C4%B1rat | P13: Təsdiqlənib | Q13: Yoxlandı 16.09.2026: mənbədə "Koroğlu" ifadəsi ilə cavab təsdiqləndi.
A14: LIT-013 | B14: "Əsli və Kərəm" dastanında Kərəmin sevdiyi qız kimdir? | C14: Nigar | D14: Əsli | E14: Telli | F14: Pəri | G14: B | H14: Easy | I14: Folklor | J14: Dastanın qəhrəmanları Kərəm və Əslidir. | O14: https://az.wikipedia.org/wiki/%C6%8Fsli_v%C9%99_K%C9%99r%C9%99m | P14: Təsdiqlənib | Q14: Yoxlandı 16.09.2026: mənbədə "Əsli" ifadəsi ilə cavab təsdiqləndi.
A15: LIT-014 | B15: "Molla Nəsrəddin" satirik jurnalının redaktoru kim idi? | C15: Mirzə Ələkbər Sabir | D15: Həsən bəy Zərdabi | E15: Cəlil Məmmədquluzadə | F15: Üzeyir Hacıbəyli | G15: C | H15: Easy | I15: Mətbuat | J15: Jurnalın naşiri və redaktoru Cəlil Məmmədquluzadə idi. | O15: https://az.wikipedia.org/wiki/Molla_N%C9%99sr%C9%99ddin_(jurnal) | P15: Təsdiqlənib | Q15: Yoxlandı 16.09.2026: mənbədə "Məmmədquluzadə" ifadəsi ilə cavab təsdiqləndi.
A16: LIT-015 | B16: 1942-ci ildə çəkilmiş bu fotoşəkildəki şair kimdir? | C16: Səməd Vurğun | D16: Rəsul Rza | E16: Süleyman Rüstəm | F16: Mikayıl Müşfiq | G16: A | H16: Easy | I16: Portret | J16: Fotoşəkil 1942-ci ildə çəkilib, şair Səməd Vurğunu təsvir edir. | K16: literature-003.webp | L16: Qıvrım saçlı, gülümsəyən, köynəyində nişanlar olan kişinin ağ-qara fotoportreti | M16: https://commons.wikimedia.org/wiki/File:Samad_Vurgun_(1942).jpg | N16: Public domain (Wikimedia Commons) | O16: https://az.wikipedia.org/wiki/S%C9%99m%C9%99d_Vur%C4%9Fun ; https://commons.wikimedia.org/wiki/File:Samad_Vurgun_(1942).jpg | P16: Təsdiqlənib | Q16: Yoxlandı 16.09.2026: şəklin kimliyi Wikimedia Commons fayl təsvirində, məlumat az.wikipedia məqaləsində təsdiqləndi. Lisenziya Commons metaməlumatındandır.
A17: LIT-016 | B17: Azərbaycan dilində ilk qəzet olan "Əkinçi"ni kim nəşr etmişdir? | C17: Həsən bəy Zərdabi | D17: Mirzə Fətəli Axundzadə | E17: Seyid Əzim Şirvani | F17: Əli bəy Hüseynzadə | G17: A | H17: Easy | I17: Mətbuat | J17: "Əkinçi" 1875-ci ildə Həsən bəy Zərdabi tərəfindən nəşr olunmuşdur. | O17: https://az.wikipedia.org/wiki/H%C9%99s%C9%99n_b%C9%99y_Z%C9%99rdabi | P17: Təsdiqlənib | Q17: Yoxlandı 16.09.2026: mənbədə "Əkinçi" ifadəsi ilə cavab təsdiqləndi.
A18: LIT-017 | B18: Azərbaycan Respublikasının Dövlət Himninin sözlərinin müəllifi kimdir? | C18: Məhəmməd Hadi | D18: Mikayıl Müşfiq | E18: Səməd Vurğun | F18: Əhməd Cavad | G18: D | H18: Easy | I18: XX əsr poeziyası | J18: Rəsmi mövqeyə görə himnin sözləri Əhməd Cavada, musiqisi Üzeyir Hacıbəyliyə məxsusdur (bəzi mənbələrdə Cəmo Cəbrayılbəylinin adı da çəkilir). | O18: https://az.wikipedia.org/wiki/Az%C9%99rbaycan_himni | P18: Təsdiqlənib | Q18: Yoxlandı 16.09.2026: mənbədə "Əhməd Cavad" ifadəsi ilə cavab təsdiqləndi.
A19: LIT-018 | B19: "Arşın mal alan" musiqili komediyasının müəllifi kimdir? | C19: Zülfüqar Hacıbəyov | D19: Üzeyir Hacıbəyli | E19: Müslüm Maqomayev | F19: Cəlil Məmmədquluzadə | G19: B | H19: Easy | I19: Dramaturgiya | J19: "Arşın mal alan" Üzeyir Hacıbəylinin musiqili komediyasıdır. | O19: https://az.wikipedia.org/wiki/Ar%C5%9F%C4%B1n_mal_alan_(operetta) | P19: Təsdiqlənib | Q19: Yoxlandı 16.09.2026: mənbədə "Hacıbəy" ifadəsi ilə cavab təsdiqləndi.
A20: LIT-019 | B20: Bakıdakı Azərbaycan Ədəbiyyatı Muzeyi hansı şairin adını daşıyır? | C20: Səməd Vurğun | D20: Məhəmməd Füzuli | E20: Nizami Gəncəvi | F20: Nəsimi | G20: C | H20: Easy | I20: Ədəbi mühit | J20: Muzeyin tam adı Nizami Gəncəvi adına Azərbaycan Ədəbiyyatı Muzeyidir. | O20: https://az.wikipedia.org/wiki/Nizami_G%C9%99nc%C9%99vi_ad%C4%B1na_Milli_Az%C9%99rbaycan_%C6%8Fd%C9%99biyyat%C4%B1_Muzeyi | P20: Təsdiqlənib | Q20: Yoxlandı 16.09.2026: mənbədə "Nizami Gəncəvi adına" ifadəsi ilə cavab təsdiqləndi.
A21: LIT-020 | B21: Təxminən 1920-ci ildə çəkilmiş bu fotoşəkildəki yazıçı kimdir? | C21: Firidun bəy Köçərli | D21: Əbdürrəhim bəy Haqverdiyev | E21: Nəriman Nərimanov | F21: Cəlil Məmmədquluzadə | G21: D | H21: Easy | I21: Portret | J21: Fotoşəkildə Cəlil Məmmədquluzadə təsvir olunub (təqr. 1920). | K21: literature-004.webp | L21: Bığlı, dik yaxalı köynək və pencək geyinmiş kişinin arxiv fotoportreti | M21: https://commons.wikimedia.org/wiki/File:Jalil_Mammadguluzadeh,_c._1920.jpg | N21: Public domain (Wikimedia Commons) | O21: https://az.wikipedia.org/wiki/C%C9%99lil_M%C9%99mm%C9%99dquluzad%C9%99 ; https://commons.wikimedia.org/wiki/File:Jalil_Mammadguluzadeh,_c._1920.jpg | P21: Təsdiqlənib | Q21: Yoxlandı 16.09.2026: şəklin kimliyi Wikimedia Commons fayl təsvirində, məlumat az.wikipedia məqaləsində təsdiqləndi. Lisenziya Commons metaməlumatındandır.
A22: LIT-021 | B22: "Tıq-tıq xanım" əsərinin müəllifi kimdir? | C22: Mirzə Ələkbər Sabir | D22: Abbas Səhhət | E22: Süleyman Sani Axundov | F22: Abdulla Şaiq | G22: D | H22: Easy | I22: Uşaq ədəbiyyatı | J22: "Tıq-tıq xanım" Abdulla Şaiqin uşaqlar üçün yazdığı əsərdir. | O22: https://az.wikipedia.org/wiki/Abdulla_%C5%9Eaiq | P22: Təsdiqlənib | Q22: Yoxlandı 16.09.2026: mənbədə "Tıq-tıq xanım" ifadəsi ilə cavab təsdiqləndi.
A23: LIT-022 | B23: "Xətai" təxəllüsü ilə şeirlər yazan hökmdar kimdir? | C23: Şah İsmayıl Səfəvi | D23: Qazi Bürhanəddin | E23: Cahan şah | F23: Şah Təhmasib | G23: A | H23: Easy | I23: Klassik poeziya | J23: Səfəvi dövlətinin banisi I Şah İsmayıl "Xətai" təxəllüsü ilə yazırdı. | O23: https://az.wikipedia.org/wiki/I_%C4%B0smay%C4%B1l | P23: Təsdiqlənib | Q23: Yoxlandı 16.09.2026: mənbədə "Xətai" ifadəsi ilə cavab təsdiqləndi.
A24: LIT-023 | B24: "Kitabi-Dədə Qorqud"da boyları qoşub söyləyən müdrik ozan kimdir? | C24: Bayandır xan | D24: Aruz Qoca | E24: Dədə Qorqud | F24: Qazan xan | G24: C | H24: Easy | I24: Folklor | J24: Boyların sonunda Dədə Qorqud gəlib boy boylayır, soy soylayır. | O24: https://az.wikipedia.org/wiki/D%C9%99d%C9%99_Qorqud | P24: Təsdiqlənib | Q24: Yoxlandı 16.09.2026: mənbədə "ozan" ifadəsi ilə cavab təsdiqləndi.
A25: LIT-024 | B25: "Aşıq Qərib" dastanında Qəribin sevgilisi kimdir? | C25: Nigar | D25: Gülnar | E25: Şahsənəm | F25: Pərizad | G25: C | H25: Easy | I25: Folklor | J25: Dastanın əsas qəhrəmanları Aşıq Qərib və Şahsənəmdir. | O25: https://az.wikipedia.org/wiki/A%C5%9F%C4%B1q_Q%C9%99rib_dastan%C4%B1 | P25: Təsdiqlənib | Q25: Yoxlandı 16.09.2026: mənbədə "Şahsənəm" ifadəsi ilə cavab təsdiqləndi.
A26: LIT-025 | B26: Köhnə fotoşəkildə təsvir olunan XIX əsr şairəsi kimdir? | C26: Xurşidbanu Natəvan | D26: Heyran xanım | E26: Aşıq Pəri | F26: Məhsəti Gəncəvi | G26: A | H26: Easy | I26: Portret | J26: Fotoşəkildə şairə Xurşidbanu Natəvan təsvir olunub. | K26: literature-005.webp | L26: Başına naxışlı örpək örtmüş qadının köhnə fotoşəkli | M26: https://commons.wikimedia.org/wiki/File:Natavan.jpg | N26: Public domain (Wikimedia Commons) | O26: https://az.wikipedia.org/wiki/Xur%C5%9Fidbanu_Nat%C9%99van ; https://commons.wikimedia.org/wiki/File:Natavan.jpg | P26: Təsdiqlənib | Q26: Yoxlandı 16.09.2026: şəklin kimliyi Wikimedia Commons fayl təsvirində, məlumat az.wikipedia məqaləsində təsdiqləndi. Lisenziya Commons metaməlumatındandır.
A27: LIT-026 | B27: "Cırtdan" hansı janra aiddir? | C27: Mənzum dram | D27: Dastan | E27: Rübai | F27: Nağıl | G27: D | H27: Easy | I27: Folklor | J27: "Cırtdan" Azərbaycan xalq nağılıdır. | O27: https://az.wikipedia.org/wiki/C%C4%B1rtdan | P27: Təsdiqlənib | Q27: Yoxlandı 16.09.2026: mənbədə "nağıl" ifadəsi ilə cavab təsdiqləndi.
A28: LIT-027 | B28: Laylı, bayatı və oxşama hansı ədəbiyyat sahəsinə aiddir? | C28: Şifahi xalq ədəbiyyatı | D28: Klassik divan ədəbiyyatı | E28: Maarifçi publisistika | F28: Sovet dövrü dramaturgiyası | G28: A | H28: Easy | I28: Folklor | J28: Bunlar folklorun lirik janrlarıdır. | O28: https://az.wikipedia.org/wiki/Bayat%C4%B1 | P28: Təsdiqlənib | Q28: Yoxlandı 16.09.2026: mənbədə "xalq" ifadəsi ilə cavab təsdiqləndi.
A29: LIT-028 | B29: Rübai neçə misradan ibarətdir? | C29: 14 | D29: 2 | E29: 4 | F29: 5 | G29: C | H29: Easy | I29: Ədəbiyyat nəzəriyyəsi | J29: Rübai dörd misralı şeir formasıdır. | O29: https://az.wikipedia.org/wiki/R%C3%BCbai | P29: Təsdiqlənib | Q29: Yoxlandı 16.09.2026: mənbədə "dörd misra" ifadəsi ilə cavab təsdiqləndi.
A30: LIT-029 | B30: Beyt neçə misradan ibarətdir? | C30: 2 | D30: 6 | E30: 3 | F30: 4 | G30: A | H30: Easy | I30: Ədəbiyyat nəzəriyyəsi | J30: Beyt iki misradan ibarət şeir vahididir. | O30: https://az.wikipedia.org/wiki/Beyt | P30: Təsdiqlənib | Q30: Yoxlandı 16.09.2026: mənbədə "2 misra" ifadəsi ilə cavab təsdiqləndi.
A31: LIT-030 | B31: Bu rəsm hansı klassik şairi təsvir edir? | C31: Nizami Gəncəvi | D31: Nəsimi | E31: Məhəmməd Füzuli | F31: Şah İsmayıl Xətai | G31: C | H31: Easy | I31: Portret | J31: Rəsm Əzim Əzimzadənin Füzuli portretidir (1914). | K31: literature-006.webp | L31: Ağ saqqallı, naxışlı papaqlı, xəz yaxalı xalat geyinmiş qoca kişinin rəngli rəsmi | M31: https://commons.wikimedia.org/wiki/File:Portrait_of_Azerbaijani_poet_Fuzuli_by_Azimzade.jpg | N31: Public domain (Wikimedia Commons) | O31: https://az.wikipedia.org/wiki/M%C9%99h%C9%99mm%C9%99d_F%C3%BCzuli ; https://commons.wikimedia.org/wiki/File:Portrait_of_Azerbaijani_poet_Fuzuli_by_Azimzade.jpg | P31: Təsdiqlənib | Q31: Yoxlandı 16.09.2026: şəklin kimliyi Wikimedia Commons fayl təsvirində, məlumat az.wikipedia məqaləsində təsdiqləndi. Lisenziya Commons metaməlumatındandır.
A32: LIT-031 | B32: Qoşma hansı vəzndə yazılır? | C32: Heca vəzni | D32: Sərbəst vəzn | E32: Ağ şeir | F32: Əruz vəzni | G32: A | H32: Easy | I32: Ədəbiyyat nəzəriyyəsi | J32: Qoşma aşıq şeirinin heca vəznində yazılan əsas formasıdır. | O32: https://az.wikipedia.org/wiki/Qo%C5%9Fma_(%C9%99d%C9%99biyyat) | P32: Təsdiqlənib | Q32: Yoxlandı 16.09.2026: mənbədə "heca" ifadəsi ilə cavab təsdiqləndi.
A33: LIT-032 | B33: Nizami Gəncəvi hansı əsrdə yaşamışdır? | C33: XIV əsr | D33: XVI əsr | E33: X əsr | F33: XII əsr | G33: D | H33: Easy | I33: Klassik poeziya | J33: Nizami təxminən 1141–1209-cu illərdə yaşamışdır. | O33: https://az.wikipedia.org/wiki/Nizami_G%C9%99nc%C9%99vi | P33: Təsdiqlənib | Q33: Yoxlandı 16.09.2026: mənbədə "1141" ifadəsi ilə cavab təsdiqləndi.
A34: LIT-033 | B34: Hazırcavab lətifələri ilə tanınan xalq obrazı kimdir? | C34: Hacı Qara | D34: Molla Nəsrəddin | E34: Məşədi İbad | F34: Cırtdan | G34: B | H34: Easy | I34: Folklor | J34: Molla Nəsrəddin lətifələrin məşhur qəhrəmanıdır. | O34: https://az.wikipedia.org/wiki/Molla_N%C9%99sr%C9%99ddin | P34: Təsdiqlənib | Q34: Yoxlandı 16.09.2026: mənbədə "lətifə" ifadəsi ilə cavab təsdiqləndi.
A35: LIT-034 | B35: Aşıqların ifa zamanı çaldığı əsas musiqi aləti hansıdır? | C35: Saz | D35: Kamança | E35: Qanun | F35: Tar | G35: A | H35: Easy | I35: Folklor | J35: Aşıq sənəti sazla ifa olunur. | O35: https://az.wikipedia.org/wiki/Saz | P35: Təsdiqlənib | Q35: Yoxlandı 16.09.2026: mənbədə "aşıq" ifadəsi ilə cavab təsdiqləndi.
A36: LIT-035 | B36: Şəkildəki məqbərə hansı şairin xatirəsinə ucaldılmışdır? | C36: Qətran Təbrizi | D36: Məhsəti Gəncəvi | E36: Xaqani Şirvani | F36: Nizami Gəncəvi | G36: D | H36: Easy | I36: Abidə | J36: Şəkildə Gəncədəki Nizami məqbərəsi təsvir olunub. | K36: literature-007.webp | L36: Açıq səma altında geniş meydanın ortasında yüksələn silindrik daş məqbərə | M36: https://commons.wikimedia.org/wiki/File:Nizami_Ganjavi_mausoleum_in_Ganja,_Azerbaijan_2.JPG | N36: CC BY-SA 3.0 — müəllif: Wertuose (https://creativecommons.org/licenses/by-sa/3.0) | O36: https://az.wikipedia.org/wiki/Nizami_m%C9%99qb%C9%99r%C9%99si ; https://commons.wikimedia.org/wiki/File:Nizami_Ganjavi_mausoleum_in_Ganja,_Azerbaijan_2.JPG | P36: Təsdiqlənib | Q36: Yoxlandı 16.09.2026: şəklin kimliyi Wikimedia Commons fayl təsvirində, məlumat az.wikipedia məqaləsində təsdiqləndi. Lisenziya Commons metaməlumatındandır.
A37: LIT-036 | B37: "Kitabi-Dədə Qorqud"da Dəli Domrul kiminlə vuruşmaq istəyir? | C37: Təpəgöz | D37: Əzrayıl | E37: Qazan xan | F37: Şöklü Məlik | G37: B | H37: Easy | I37: Folklor | J37: Dəli Domrul can alan Əzrayılla vuruşmağa çıxır. | O37: https://az.wikipedia.org/wiki/Kitabi-D%C9%99d%C9%99_Qorqud | P37: Təsdiqlənib | Q37: Yoxlandı 16.09.2026: mənbədə "Domrul", "Əzrayıl" ifadəsi ilə cavab təsdiqləndi.
A38: LIT-037 | B38: "Məndə sığar iki cahan, mən bu cahana sığmazam" misrasının müəllifi kimdir? | C38: Şah İsmayıl Xətai | D38: Qazi Bürhanəddin | E38: Məhəmməd Füzuli | F38: Nəsimi | G38: D | H38: Easy | I38: Klassik poeziya | J38: Bu məşhur misra Nəsiminin qəzəlindəndir. | O38: https://az.wikipedia.org/wiki/M%C9%99nd%C9%99_s%C4%B1%C4%9Far_iki_cahan%2C_m%C9%99n_bu_cahan%C9%99_s%C4%B1%C4%9Fmazam | P38: Təsdiqlənib | Q38: Yoxlandı 16.09.2026: mənbədə "Nəsimi" ifadəsi ilə cavab təsdiqləndi.
A39: LIT-038 | B39: Xalq arasında "Xan qızı" adı ilə tanınan şairə kimdir? | C39: Heyran xanım | D39: Aşıq Pəri | E39: Məhsəti Gəncəvi | F39: Xurşidbanu Natəvan | G39: D | H39: Easy | I39: Klassik poeziya | J39: Qarabağ xanı Mehdiqulu xanın qızı Natəvan "Xan qızı" kimi tanınırdı. | O39: https://az.wikipedia.org/wiki/Xur%C5%9Fidbanu_Nat%C9%99van | P39: Təsdiqlənib | Q39: Yoxlandı 16.09.2026: mənbədə "Xan qızı" ifadəsi ilə cavab təsdiqləndi.
A40: LIT-039 | B40: Hüseyn Cavid hansı şəhərdə anadan olmuşdur? | C40: Naxçıvan | D40: Gəncə | E40: Şuşa | F40: Şamaxı | G40: A | H40: Easy | I40: Dramaturgiya | J40: Hüseyn Cavid 1882-ci ildə Naxçıvanda doğulmuşdur. | O40: https://az.wikipedia.org/wiki/H%C3%BCseyn_Cavid | P40: Təsdiqlənib | Q40: Yoxlandı 16.09.2026: mənbədə "Naxçıvan" ifadəsi ilə cavab təsdiqləndi.
A41: LIT-040 | B41: Fotoşəkildə təsvir olunan XIX əsr maarifçi dramaturqu kimdir? | C41: Abbasqulu ağa Bakıxanov | D41: Mirzə Şəfi Vazeh | E41: Həsən bəy Zərdabi | F41: Mirzə Fətəli Axundzadə | G41: D | H41: Easy | I41: Portret | J41: Fotoşəkildə Mirzə Fətəli Axundzadə təsvir olunub. | K41: literature-008.webp | L41: Hündür papaqlı, ordenli uzun geyimdə dayanmış kişinin arxiv fotoşəkli | M41: https://commons.wikimedia.org/wiki/File:Mirz%C9%99_F%C9%99t%C9%99li_Axundov.jpg | N41: Public domain (Wikimedia Commons) | O41: https://az.wikipedia.org/wiki/Mirz%C9%99_F%C9%99t%C9%99li_Axundov ; https://commons.wikimedia.org/wiki/File:Mirz%C9%99_F%C9%99t%C9%99li_Axundov.jpg | P41: Təsdiqlənib | Q41: Yoxlandı 16.09.2026: şəklin kimliyi Wikimedia Commons fayl təsvirində, məlumat az.wikipedia məqaləsində təsdiqləndi. Lisenziya Commons metaməlumatındandır.
A42: LIT-041 | B42: Səməd Vurğun hansı bölgədə anadan olmuşdur? | C42: Qazax | D42: Şuşa | E42: Lənkəran | F42: Şəki | G42: A | H42: Easy | I42: XX əsr poeziyası | J42: Səməd Vurğun Qazax qəzasının Yuxarı Salahlı kəndində doğulmuşdur. | O42: https://az.wikipedia.org/wiki/S%C9%99m%C9%99d_Vur%C4%9Fun | P42: Təsdiqlənib | Q42: Yoxlandı 16.09.2026: mənbədə "Qazax" ifadəsi ilə cavab təsdiqləndi.
A43: LIT-042 | B43: Nizaminin "Xəmsə"si neçə poemadan ibarətdir? | C43: 3 | D43: 7 | E43: 5 | F43: 9 | G43: C | H43: Easy | I43: Klassik poeziya | J43: "Xəmsə" ərəbcə "beşlik" deməkdir və beş poemanı əhatə edir. | O43: https://az.wikipedia.org/wiki/X%C9%99ms%C9%99 | P43: Təsdiqlənib | Q43: Yoxlandı 16.09.2026: mənbədə "beş" ifadəsi ilə cavab təsdiqləndi.
A44: LIT-043 | B44: Qəzəldə şairin təxəllüsünün işləndiyi son beyt necə adlanır? | C44: Mətlə | D44: Rədif | E44: Məqtə | F44: Qafiyə | G44: C | H44: Easy | I44: Ədəbiyyat nəzəriyyəsi | J44: Qəzəlin son beyti məqtə adlanır və adətən təxəllüs orada gəlir. | O44: https://az.wikipedia.org/wiki/Q%C9%99z%C9%99l | P44: Təsdiqlənib | Q44: Yoxlandı 16.09.2026: mənbədə "məqtə" ifadəsi ilə cavab təsdiqləndi.
A45: LIT-044 | B45: Qısa, hikmətli və nəsildən-nəslə keçən xalq ifadələri necə adlanır? | C45: Oxşama | D45: Atalar sözü | E45: Tapmaca | F45: Bayatı | G45: B | H45: Easy | I45: Folklor | J45: Atalar sözü xalqın təcrübəsini yığcam şəkildə ifadə edir. | O45: https://az.wikipedia.org/wiki/Atalar_s%C3%B6z%C3%BC | P45: Təsdiqlənib | Q45: Yoxlandı 16.09.2026: mənbədə "atalar söz" ifadəsi ilə cavab təsdiqləndi.
A46: LIT-045 | B46: Dəyirmi eynəkli bu fotoportretdəki XX əsr dramaturqu kimdir? | C46: Hüseyn Cavid | D46: Cəfər Cabbarlı | E46: Mirzə İbrahimov | F46: Mikayıl Müşfiq | G46: B | H46: Easy | I46: Portret | J46: Fotoşəkildə dramaturq Cəfər Cabbarlı təsvir olunub. | K46: literature-009.webp | L46: Dəyirmi eynəkli, geriyə daranmış saçlı kişinin sepiya fotoportreti | M46: https://commons.wikimedia.org/wiki/File:Jafar_Jabbarly.jpg | N46: Public domain (Wikimedia Commons) | O46: https://az.wikipedia.org/wiki/C%C9%99f%C9%99r_Cabbarl%C4%B1 ; https://commons.wikimedia.org/wiki/File:Jafar_Jabbarly.jpg | P46: Təsdiqlənib | Q46: Yoxlandı 16.09.2026: şəklin kimliyi Wikimedia Commons fayl təsvirində, məlumat az.wikipedia məqaləsində təsdiqləndi. Lisenziya Commons metaməlumatındandır.
A47: LIT-046 | B47: Nizaminin "Xəmsə"sinin ilk poeması hansıdır? | C47: İsgəndərnamə | D47: Leyli və Məcnun | E47: Yeddi gözəl | F47: Sirlər xəzinəsi | G47: D | H47: Medium | I47: Klassik poeziya | J47: "Xəmsə" "Sirlər xəzinəsi" ilə başlayır. | O47: https://az.wikipedia.org/wiki/X%C9%99ms%C9%99 | P47: Təsdiqlənib | Q47: Yoxlandı 16.09.2026: mənbədə "Sirlər xəzinəsi" ifadəsi ilə cavab təsdiqləndi.
A48: LIT-047 | B48: Nizaminin "Yeddi gözəl" poemasının baş qəhrəmanı kimdir? | C48: Nuşirəvan | D48: Bəhram Gur | E48: Xosrov Pərviz | F48: İsgəndər | G48: B | H48: Medium | I48: Klassik poeziya | J48: Poema Sasani hökmdarı Bəhram Gurun həyatından bəhs edir. | O48: https://az.wikipedia.org/wiki/Yeddi_g%C3%B6z%C9%99l | P48: Təsdiqlənib | Q48: Yoxlandı 16.09.2026: mənbədə "Bəhram" ifadəsi ilə cavab təsdiqləndi.
A49: LIT-048 | B49: Nizami Gəncəvi poemalarını əsasən hansı dildə yazmışdır? | C49: Fars dili | D49: Çağatay türkcəsi | E49: Ərəb dili | F49: Azərbaycan türkcəsi | G49: A | H49: Medium | I49: Klassik poeziya | J49: Nizaminin "Xəmsə"si fars dilində yazılmışdır. | O49: https://az.wikipedia.org/wiki/Nizami_G%C9%99nc%C9%99vi | P49: Təsdiqlənib | Q49: Yoxlandı 16.09.2026: mənbədə "fars" ifadəsi ilə cavab təsdiqləndi.
A50: LIT-049 | B50: "Şikayətnamə" kimin əsəridir? | C50: Nəsimi | D50: Məhəmməd Füzuli | E50: Şah İsmayıl Xətai | F50: Nizami Gəncəvi | G50: B | H50: Medium | I50: Klassik poeziya | J50: "Şikayətnamə" Füzulinin məşhur mənsur məktubudur. | O50: https://az.wikipedia.org/wiki/M%C9%99h%C9%99mm%C9%99d_F%C3%BCzuli | P50: Təsdiqlənib | Q50: Yoxlandı 16.09.2026: mənbədə "Şikayətnamə" ifadəsi ilə cavab təsdiqləndi.
A51: LIT-050 | B51: Ağ-qara fotoportretdə təsvir olunan XX əsr şairi kimdir? | C51: Cəfər Cabbarlı | D51: Mikayıl Müşfiq | E51: Məhəmməd Hadi | F51: Əhməd Cavad | G51: D | H51: Medium | I51: Portret | J51: Fotoşəkildə şair Əhməd Cavad təsvir olunub. | K51: literature-010.webp | L51: Sıx qara saçlı, qalstuklu gənc kişinin ağ-qara fotoportreti | M51: https://commons.wikimedia.org/wiki/File:Ahmad_Javad.jpg | N51: Public domain (Wikimedia Commons) | O51: https://az.wikipedia.org/wiki/%C6%8Fhm%C9%99d_Cavad ; https://commons.wikimedia.org/wiki/File:Ahmad_Javad.jpg | P51: Təsdiqlənib | Q51: Yoxlandı 16.09.2026: şəklin kimliyi Wikimedia Commons fayl təsvirində, məlumat az.wikipedia məqaləsində təsdiqləndi. Lisenziya Commons metaməlumatındandır.
A52: LIT-051 | B52: Füzuli ömrünün böyük hissəsini bugünkü hansı ölkənin ərazisində keçirmişdir? | C52: İraq | D52: Türkiyə | E52: Suriya | F52: İran | G52: A | H52: Medium | I52: Klassik poeziya | J52: Füzuli Bağdad, Kərbəla və Hillə şəhərlərində yaşamışdır. | O52: https://az.wikipedia.org/wiki/M%C9%99h%C9%99mm%C9%99d_F%C3%BCzuli | P52: Təsdiqlənib | Q52: Yoxlandı 16.09.2026: mənbədə "İraqdan kənara" ifadəsi ilə cavab təsdiqləndi.
A53: LIT-052 | B53: Nəsimi hansı təriqətin nümayəndəsi idi? | C53: Nəqşibəndilik | D53: Hürufilik | E53: Mövləvilik | F53: Bəktaşilik | G53: B | H53: Medium | I53: Klassik poeziya | J53: Nəsimi hürufilik təliminin görkəmli təbliğatçısı idi. | O53: https://az.wikipedia.org/wiki/%C4%B0mad%C9%99ddin_N%C9%99simi | P53: Təsdiqlənib | Q53: Yoxlandı 16.09.2026: mənbədə "hürufi" ifadəsi ilə cavab təsdiqləndi.
A54: LIT-053 | B54: "Dəhnamə" poemasının müəllifi kimdir? | C54: Şah İsmayıl Xətai | D54: Kişvəri | E54: Məhəmməd Füzuli | F54: Nəsimi | G54: A | H54: Medium | I54: Klassik poeziya | J54: "Dəhnamə" Xətainin on məktubdan ibarət poemasıdır. | O54: https://az.wikipedia.org/wiki/I_%C4%B0smay%C4%B1l | P54: Təsdiqlənib | Q54: Yoxlandı 16.09.2026: mənbədə "Dəhnamə" ifadəsi ilə cavab təsdiqləndi.
A55: LIT-054 | B55: Molla Pənah Vaqif hansı Qarabağ xanının vəziri olmuşdur? | C55: Fətəli xan | D55: Pənahəli xan | E55: İbrahimxəlil xan | F55: Mehdiqulu xan | G55: C | H55: Medium | I55: Klassik poeziya | J55: Vaqif İbrahimxəlil xanın sarayında vəzir idi. | O55: https://az.wikipedia.org/wiki/Molla_P%C9%99nah_Vaqif | P55: Təsdiqlənib | Q55: Yoxlandı 16.09.2026: mənbədə "İbrahimxəlil" ifadəsi ilə cavab təsdiqləndi.
A56: LIT-055 | B56: 1910-cu ildə çəkilmiş fotoşəkildəki yazıçı kimdir? | C56: Abdulla Şaiq | D56: Süleyman Sani Axundov | E56: Yusif Vəzir Çəmənzəminli | F56: Abbas Səhhət | G56: A | H56: Medium | I56: Portret | J56: Fotoşəkil 1910-cu ildə çəkilib, Abdulla Şaiqi təsvir edir. | K56: literature-011.webp | L56: Kəpənək qalstuklu, burma bığlı kişinin köhnə fotoportreti | M56: https://commons.wikimedia.org/wiki/File:Abdulla_%C5%9Eaiq_(1910).jpg | N56: Public domain (Wikimedia Commons) | O56: https://az.wikipedia.org/wiki/Abdulla_%C5%9Eaiq ; https://commons.wikimedia.org/wiki/File:Abdulla_%C5%9Eaiq_(1910).jpg | P56: Təsdiqlənib | Q56: Yoxlandı 16.09.2026: şəklin kimliyi Wikimedia Commons fayl təsvirində, məlumat az.wikipedia məqaləsində təsdiqləndi. Lisenziya Commons metaməlumatındandır.
A57: LIT-056 | B57: Molla Pənah Vaqifin qızlarından biri hansı şairin oğlu ilə ailə qurmuşdu? | C57: Aşıq Ələsgər | D57: Molla Vəli Vidadi | E57: Qasım bəy Zakir | F57: Xəstə Qasım | G57: B | H57: Medium | I57: Klassik poeziya | J57: Vaqifin qızı yaxın dostu Molla Vəli Vidadinin oğlu ilə ailə qurmuşdu. | O57: https://az.wikipedia.org/wiki/Molla_P%C9%99nah_Vaqif | P57: Təsdiqlənib | Q57: Yoxlandı 16.09.2026: mənbədə "Vidadi]]nin oğlu ilə ailə" ifadəsi ilə cavab təsdiqləndi.
A58: LIT-057 | B58: Xurşidbanu Natəvanın Şuşada rəhbərlik etdiyi ədəbi məclis necə adlanırdı? | C58: Məclisi-üns | D58: Məclisi-fəramuşan | E58: Beytüs-səfa | F58: Divani-hikmət | G58: A | H58: Medium | I58: Ədəbi mühit | J58: Natəvan "Məclisi-üns" ədəbi məclisinə başçılıq etmişdir. | O58: https://az.wikipedia.org/wiki/Xur%C5%9Fidbanu_Nat%C9%99van | P58: Təsdiqlənib | Q58: Yoxlandı 16.09.2026: mənbədə "Məclisi-üns" ifadəsi ilə cavab təsdiqləndi.
A59: LIT-058 | B59: "Aldanmış kəvakib" povestinin müəllifi kimdir? | C59: Həsən bəy Zərdabi | D59: Mirzə Fətəli Axundzadə | E59: Nəcəf bəy Vəzirov | F59: Abbasqulu ağa Bakıxanov | G59: B | H59: Medium | I59: Nəsr | J59: "Aldanmış kəvakib" Axundzadənin tarixi povestidir. | O59: https://az.wikipedia.org/wiki/Mirz%C9%99_F%C9%99t%C9%99li_Axundov | P59: Təsdiqlənib | Q59: Yoxlandı 16.09.2026: mənbədə "Aldanmış kəvakib" ifadəsi ilə cavab təsdiqləndi.
A60: LIT-059 | B60: "Müsibəti-Fəxrəddin" faciəsinin müəllifi kimdir? | C60: Mirzə Fətəli Axundzadə | D60: Əbdürrəhim bəy Haqverdiyev | E60: Nəriman Nərimanov | F60: Nəcəf bəy Vəzirov | G60: D | H60: Medium | I60: Dramaturgiya | J60: "Müsibəti-Fəxrəddin" Azərbaycan dramaturgiyasında ilk faciələrdən sayılır. | O60: https://az.wikipedia.org/wiki/N%C9%99c%C9%99f_b%C9%99y_V%C9%99zirov | P60: Təsdiqlənib | Q60: Yoxlandı 16.09.2026: mənbədə "Müsibəti-Fəxrəddin" ifadəsi ilə cavab təsdiqləndi.
A61: LIT-060 | B61: Fotoşəkildə təsvir olunan, eynəkli və hündür papaqlı dramaturq kimdir? | C61: Firidun bəy Köçərli | D61: Həsən bəy Zərdabi | E61: Nəcəf bəy Vəzirov | F61: Əbdürrəhim bəy Haqverdiyev | G61: C | H61: Medium | I61: Portret | J61: Fotoşəkildə dramaturq Nəcəf bəy Vəzirov təsvir olunub. | K61: literature-012.webp | L61: Hündür papaqlı, eynəkli, ağ saqqallı kişinin fotoportreti | M61: https://commons.wikimedia.org/wiki/File:Najaf_bey_Vazirov.jpg | N61: Public domain (Wikimedia Commons) | O61: https://az.wikipedia.org/wiki/N%C9%99c%C9%99f_b%C9%99y_V%C9%99zirov ; https://commons.wikimedia.org/wiki/File:Najaf_bey_Vazirov.jpg | P61: Təsdiqlənib | Q61: Yoxlandı 16.09.2026: şəklin kimliyi Wikimedia Commons fayl təsvirində, məlumat az.wikipedia məqaləsində təsdiqləndi. Lisenziya Commons metaməlumatındandır.
A62: LIT-061 | B62: "Dağılan tifaq" faciəsinin müəllifi kimdir? | C62: Cəfər Cabbarlı | D62: Cəlil Məmmədquluzadə | E62: Nəcəf bəy Vəzirov | F62: Əbdürrəhim bəy Haqverdiyev | G62: D | H62: Medium | I62: Dramaturgiya | J62: "Dağılan tifaq" Haqverdiyevin ilk faciələrindəndir. | O62: https://az.wikipedia.org/wiki/%C6%8Fbd%C3%BCrr%C9%99him_b%C9%99y_Haqverdiyev | P62: Təsdiqlənib | Q62: Yoxlandı 16.09.2026: mənbədə "Dağılan tifaq" ifadəsi ilə cavab təsdiqləndi.
A63: LIT-062 | B63: "Bahadır və Sona" romanının müəllifi kimdir? | C63: Məmməd Səid Ordubadi | D63: Yusif Vəzir Çəmənzəminli | E63: Nəriman Nərimanov | F63: Süleyman Sani Axundov | G63: C | H63: Medium | I63: Nəsr | J63: "Bahadır və Sona" Nəriman Nərimanovun romanıdır. | O63: https://az.wikipedia.org/wiki/N%C9%99riman_N%C9%99rimanov | P63: Təsdiqlənib | Q63: Yoxlandı 16.09.2026: mənbədə "Bahadır və Sona" ifadəsi ilə cavab təsdiqləndi.
A64: LIT-063 | B64: "Poçt qutusu" hekayəsinin müəllifi kimdir? | C64: Süleyman Sani Axundov | D64: Əbdürrəhim bəy Haqverdiyev | E64: Abdulla Şaiq | F64: Cəlil Məmmədquluzadə | G64: D | H64: Medium | I64: Nəsr | J64: "Poçt qutusu" Cəlil Məmmədquluzadənin məşhur hekayəsidir. | O64: https://az.wikipedia.org/wiki/C%C9%99lil_M%C9%99mm%C9%99dquluzad%C9%99 | P64: Təsdiqlənib | Q64: Yoxlandı 16.09.2026: mənbədə "Poçt qutusu" ifadəsi ilə cavab təsdiqləndi.
A65: LIT-064 | B65: "Danabaş kəndinin əhvalatları" povestinin müəllifi kimdir? | C65: Süleyman Sani Axundov | D65: Nəriman Nərimanov | E65: Cəlil Məmmədquluzadə | F65: Yusif Vəzir Çəmənzəminli | G65: C | H65: Medium | I65: Nəsr | J65: Povest Cəlil Məmmədquluzadənin ilk böyük nəsr əsəridir. | O65: https://az.wikipedia.org/wiki/C%C9%99lil_M%C9%99mm%C9%99dquluzad%C9%99 | P65: Təsdiqlənib | Q65: Yoxlandı 16.09.2026: mənbədə "Danabaş" ifadəsi ilə cavab təsdiqləndi.
A66: LIT-065 | B66: Fotoportretdə təsvir olunan XIX–XX əsr dramaturqu kimdir? | C66: Cəlil Məmmədquluzadə | D66: Firidun bəy Köçərli | E66: Nəcəf bəy Vəzirov | F66: Əbdürrəhim bəy Haqverdiyev | G66: D | H66: Medium | I66: Portret | J66: Fotoşəkildə Əbdürrəhim bəy Haqverdiyev təsvir olunub. | K66: literature-013.webp | L66: Ağ saçlı, bığlı, pencək geyinmiş yaşlı kişinin fotoportreti | M66: https://commons.wikimedia.org/wiki/File:Abdurrahim_bey_Hagverdiyev_4.jpg | N66: Public domain (Wikimedia Commons) | O66: https://az.wikipedia.org/wiki/%C6%8Fbd%C3%BCrr%C9%99him_b%C9%99y_Haqverdiyev ; https://commons.wikimedia.org/wiki/File:Abdurrahim_bey_Hagverdiyev_4.jpg | P66: Təsdiqlənib | Q66: Yoxlandı 16.09.2026: şəklin kimliyi Wikimedia Commons fayl təsvirində, məlumat az.wikipedia məqaləsində təsdiqləndi. Lisenziya Commons metaməlumatındandır.
A67: LIT-066 | B67: Mirzə Ələkbər Sabir hansı şəhərdə anadan olmuşdur? | C67: Şuşa | D67: Şamaxı | E67: Bakı | F67: Gəncə | G67: B | H67: Medium | I67: Satira | J67: Sabir 1862-ci ildə Şamaxıda doğulmuşdur. | O67: https://az.wikipedia.org/wiki/Mirz%C9%99_%C6%8Fl%C9%99kb%C9%99r_Sabir | P67: Təsdiqlənib | Q67: Yoxlandı 16.09.2026: mənbədə "Şamaxı" ifadəsi ilə cavab təsdiqləndi.
A68: LIT-067 | B68: Nizami süjeti əsasında yazılmış "Nüşabə" pyesinin müəllifi kimdir? | C68: Abdulla Şaiq | D68: Əbdürrəhim bəy Haqverdiyev | E68: Hüseyn Cavid | F68: Cəfər Cabbarlı | G68: A | H68: Medium | I68: Dramaturgiya | J68: "Nüşabə" Abdulla Şaiqin Nizami süjeti əsasında yazdığı pyesdir. | O68: https://az.wikipedia.org/wiki/Abdulla_%C5%9Eaiq | P68: Təsdiqlənib | Q68: Yoxlandı 16.09.2026: mənbədə "Nüşabə" ifadəsi ilə cavab təsdiqləndi.
A69: LIT-068 | B69: "Qorxulu nağıllar" silsiləsinin müəllifi kimdir? | C69: Süleyman Sani Axundov | D69: Firidun bəy Köçərli | E69: Abdulla Şaiq | F69: Abbas Səhhət | G69: A | H69: Medium | I69: Nəsr | J69: "Qorxulu nağıllar" Süleyman Sani Axundovun hekayələr silsiləsidir. | O69: https://az.wikipedia.org/wiki/S%C3%BCleyman_Sani_Axundov | P69: Təsdiqlənib | Q69: Yoxlandı 16.09.2026: mənbədə "Qorxulu nağıllar" ifadəsi ilə cavab təsdiqləndi.
A70: LIT-069 | B70: "İblis" faciəsinin müəllifi kimdir? | C70: Əbdürrəhim bəy Haqverdiyev | D70: Hüseyn Cavid | E70: Cəfər Cabbarlı | F70: Səməd Vurğun | G70: B | H70: Medium | I70: Dramaturgiya | J70: "İblis" Hüseyn Cavidin fəlsəfi faciəsidir. | O70: https://az.wikipedia.org/wiki/H%C3%BCseyn_Cavid | P70: Təsdiqlənib | Q70: Yoxlandı 16.09.2026: mənbədə "İblis" ifadəsi ilə cavab təsdiqləndi.
A71: LIT-070 | B71: Sepiya fotoportretdə təsvir olunan romançı kimdir? | C71: Mir Cəlal | D71: Yusif Vəzir Çəmənzəminli | E71: Məmməd Səid Ordubadi | F71: Süleyman Rəhimov | G71: C | H71: Medium | I71: Portret | J71: Fotoşəkildə yazıçı Məmməd Səid Ordubadi təsvir olunub. | K71: literature-014.webp | L71: Geriyə daranmış saçlı, qalstuklu kişinin sepiya fotoportreti | M71: https://commons.wikimedia.org/wiki/File:Mammad_Said_Ordubadi.jpg | N71: Public domain (Wikimedia Commons) | O71: https://az.wikipedia.org/wiki/M%C9%99mm%C9%99d_S%C9%99id_Ordubadi ; https://commons.wikimedia.org/wiki/File:Mammad_Said_Ordubadi.jpg | P71: Təsdiqlənib | Q71: Yoxlandı 16.09.2026: şəklin kimliyi Wikimedia Commons fayl təsvirində, məlumat az.wikipedia məqaləsində təsdiqləndi. Lisenziya Commons metaməlumatındandır.
A72: LIT-071 | B72: "Koroğlu" dastanında Koroğlunun məskən saldığı yer necə adlanır? | C72: Qaracadağ | D72: Göyçə | E72: Çənlibel | F72: Dərələyəz | G72: C | H72: Medium | I72: Folklor | J72: Koroğlu və dəliləri Çənlibeldə məskunlaşmışdılar. | O72: https://az.wikipedia.org/wiki/Koro%C4%9Flu_dastan%C4%B1 | P72: Təsdiqlənib | Q72: Yoxlandı 16.09.2026: mənbədə "Çənlibel" ifadəsi ilə cavab təsdiqləndi.
A73: LIT-072 | B73: "Od gəlini" pyesinin müəllifi kimdir? | C73: Hüseyn Cavid | D73: Abdulla Şaiq | E73: Səməd Vurğun | F73: Cəfər Cabbarlı | G73: D | H73: Medium | I73: Dramaturgiya | J73: "Od gəlini" Cəfər Cabbarlının mənzum faciəsidir. | O73: https://az.wikipedia.org/wiki/C%C9%99f%C9%99r_Cabbarl%C4%B1 | P73: Təsdiqlənib | Q73: Yoxlandı 16.09.2026: mənbədə "Od gəlini" ifadəsi ilə cavab təsdiqləndi.
A74: LIT-073 | B74: XI əsrdə yaşamış, "Divan"ı ilə tanınan Təbriz şairi kimdir? | C74: Məhsəti Gəncəvi | D74: Qətran Təbrizi | E74: Nizami Gəncəvi | F74: Xaqani Şirvani | G74: B | H74: Medium | I74: Klassik poeziya | J74: Qətran Təbrizi XI əsr Azərbaycan şairidir. | O74: https://az.wikipedia.org/wiki/Q%C9%99tran_T%C9%99brizi | P74: Təsdiqlənib | Q74: Yoxlandı 16.09.2026: mənbədə "Qətran" ifadəsi ilə cavab təsdiqləndi.
A75: LIT-074 | B75: "Oxu, tar" şeirinin müəllifi kimdir? | C75: Mikayıl Müşfiq | D75: Rəsul Rza | E75: Əhməd Cavad | F75: Səməd Vurğun | G75: A | H75: Medium | I75: XX əsr poeziyası | J75: "Oxu, tar" Mikayıl Müşfiqin məşhur şeiridir. | O75: https://az.wikipedia.org/wiki/Mikay%C4%B1l_M%C3%BC%C5%9Ffiq | P75: Təsdiqlənib | Q75: Yoxlandı 16.09.2026: mənbədə "Oxu tar" ifadəsi ilə cavab təsdiqləndi.
A76: LIT-075 | B76: 1913-cü ildə çəkilmiş fotoşəkildəki yazıçı kimdir? | C76: Süleyman Sani Axundov | D76: Nəriman Nərimanov | E76: Abdulla Şaiq | F76: Ömər Faiq Nemanzadə | G76: B | H76: Medium | I76: Portret | J76: Fotoşəkil 1913-cü ildə çəkilib, Nəriman Nərimanovu təsvir edir. | K76: literature-015.webp | L76: Açıq rəngli kostyum geyinmiş, bığlı-saqqallı kişinin sepiya fotoportreti | M76: https://commons.wikimedia.org/wiki/File:Nariman_Narimanov_in_1913.jpg | N76: Public domain (Wikimedia Commons) | O76: https://az.wikipedia.org/wiki/N%C9%99riman_N%C9%99rimanov ; https://commons.wikimedia.org/wiki/File:Nariman_Narimanov_in_1913.jpg | P76: Təsdiqlənib | Q76: Yoxlandı 16.09.2026: şəklin kimliyi Wikimedia Commons fayl təsvirində, məlumat az.wikipedia məqaləsində təsdiqləndi. Lisenziya Commons metaməlumatındandır.
A77: LIT-076 | B77: "Çırpınırdın, Qara dəniz" şeirinin müəllifi kimdir? | C77: Məhəmməd Hadi | D77: Əhməd Cavad | E77: Hüseyn Cavid | F77: Mikayıl Müşfiq | G77: B | H77: Medium | I77: XX əsr poeziyası | J77: Şeir Əhməd Cavadın ən məşhur əsərlərindəndir. | O77: https://az.wikipedia.org/wiki/%C6%8Fhm%C9%99d_Cavad | P77: Təsdiqlənib | Q77: Yoxlandı 16.09.2026: mənbədə "Qara dəniz" ifadəsi ilə cavab təsdiqləndi.
A78: LIT-077 | B78: "Dumanlı Təbriz" romanının müəllifi kimdir? | C78: Məmməd Səid Ordubadi | D78: Mir Cəlal | E78: Süleyman Rəhimov | F78: Yusif Vəzir Çəmənzəminli | G78: A | H78: Medium | I78: Nəsr | J78: "Dumanlı Təbriz" Ordubadinin tarixi romanıdır. | O78: https://az.wikipedia.org/wiki/M%C9%99mm%C9%99d_S%C9%99id_Ordubadi | P78: Təsdiqlənib | Q78: Yoxlandı 16.09.2026: mənbədə "Dumanlı Təbriz" ifadəsi ilə cavab təsdiqləndi.
A79: LIT-078 | B79: "Sazımın sözü" kitabının müəllifi olan Cənubi Azərbaycan şairi kimdir? | C79: Bulud Qaraçorlu Səhənd | D79: Süleyman Rüstəm | E79: Balaş Azəroğlu | F79: Məhəmmədhüseyn Şəhriyar | G79: A | H79: Medium | I79: XX əsr poeziyası | J79: "Sazımın sözü" Səhəndin dastan-poemalar silsiləsidir. | O79: https://az.wikipedia.org/wiki/Bulud_Qara%C3%A7orlu | P79: Təsdiqlənib | Q79: Yoxlandı 16.09.2026: mənbədə "Sazımın sözü" ifadəsi ilə cavab təsdiqləndi.
A80: LIT-079 | B80: "Bir gəncin manifesti" romanının müəllifi kimdir? | C80: İlyas Əfəndiyev | D80: Mir Cəlal | E80: Mirzə İbrahimov | F80: Süleyman Rəhimov | G80: B | H80: Medium | I80: Nəsr | J80: "Bir gəncin manifesti" Mir Cəlalın romanıdır. | O80: https://az.wikipedia.org/wiki/Mir_C%C9%99lal_Pa%C5%9Fayev | P80: Təsdiqlənib | Q80: Yoxlandı 16.09.2026: mənbədə "Bir gəncin manifesti" ifadəsi ilə cavab təsdiqləndi.
A81: LIT-080 | B81: Köhnə fotoşəkildə təsvir olunan XIX əsr şairi kimdir? | C81: Mirzə Şəfi Vazeh | D81: Mirzə Ələkbər Sabir | E81: Qasım bəy Zakir | F81: Seyid Əzim Şirvani | G81: D | H81: Medium | I81: Portret | J81: Fotoşəkildə şair Seyid Əzim Şirvani təsvir olunub. | K81: literature-016.webp | L81: Hündür papaqlı, saqqallı, çiyninə aba salmış kişinin köhnə fotoşəkli | M81: https://commons.wikimedia.org/wiki/File:Seyid_Azim_Shirvani.jpg | N81: Public domain (Wikimedia Commons) | O81: https://az.wikipedia.org/wiki/Seyid_%C6%8Fzim_%C5%9Eirvani ; https://commons.wikimedia.org/wiki/File:Seyid_Azim_Shirvani.jpg | P81: Təsdiqlənib | Q81: Yoxlandı 16.09.2026: şəklin kimliyi Wikimedia Commons fayl təsvirində, məlumat az.wikipedia məqaləsində təsdiqləndi. Lisenziya Commons metaməlumatındandır.
A82: LIT-081 | B82: "Sən həmişə mənimləsən" pyesinin müəllifi kimdir? | C82: Şıxəli Qurbanov | D82: İlyas Əfəndiyev | E82: Bəxtiyar Vahabzadə | F82: Anar | G82: B | H82: Medium | I82: Dramaturgiya | J82: Pyes İlyas Əfəndiyevin lirik-psixoloji dramıdır. | O82: https://az.wikipedia.org/wiki/%C4%B0lyas_%C6%8Ff%C9%99ndiyev | P82: Təsdiqlənib | Q82: Yoxlandı 16.09.2026: mənbədə "Sən həmişə mənimləsən" ifadəsi ilə cavab təsdiqləndi.
A83: LIT-082 | B83: "Gülüstan" poemasının müəllifi kimdir? | C83: Bəxtiyar Vahabzadə | D83: Xəlil Rza Ulutürk | E83: Nəbi Xəzri | F83: Rəsul Rza | G83: A | H83: Medium | I83: XX əsr poeziyası | J83: "Gülüstan" Bəxtiyar Vahabzadənin poemasıdır. | O83: https://az.wikipedia.org/wiki/B%C9%99xtiyar_Vahabzad%C9%99 | P83: Təsdiqlənib | Q83: Yoxlandı 16.09.2026: mənbədə "Gülüstan" ifadəsi ilə cavab təsdiqləndi.
A84: LIT-083 | B84: "Beşmərtəbəli evin altıncı mərtəbəsi" romanının müəllifi kimdir? | C84: Yusif Səmədoğlu | D84: İsa Hüseynov | E84: Elçin | F84: Anar | G84: D | H84: Medium | I84: Nəsr | J84: Roman xalq yazıçısı Anarın əsəridir. | O84: https://az.wikipedia.org/wiki/Anar | P84: Təsdiqlənib | Q84: Yoxlandı 16.09.2026: mənbədə "altıncı mərtəbəsi" ifadəsi ilə cavab təsdiqləndi.
A85: LIT-084 | B85: Yazıçı Anarın valideynləri hansı şairlərdir? | C85: Osman Sarıvəlli və Nigar Rəfibəyli | D85: Rəsul Rza və Nigar Rəfibəyli | E85: Səməd Vurğun və Mirvarid Dilbazi | F85: Mikayıl Müşfiq və Mirvarid Dilbazi | G85: B | H85: Medium | I85: Ədəbi mühit | J85: Anar şairlər Rəsul Rza ilə Nigar Rəfibəylinin oğludur. | O85: https://az.wikipedia.org/wiki/Anar | P85: Təsdiqlənib | Q85: Yoxlandı 16.09.2026: mənbədə "Rəsul Rza", "Nigar Rəfibəyli" ifadəsi ilə cavab təsdiqləndi.
A86: LIT-085 | B86: 1907-ci ildə çəkilmiş fotoşəkildəki şair kimdir? | C86: Əhməd Cavad | D86: Məhəmməd Hadi | E86: Hüseyn Cavid | F86: Abbas Səhhət | G86: B | H86: Medium | I86: Portret | J86: Fotoşəkil 1907-ci ildə çəkilib, şair Məhəmməd Hadini təsvir edir. | K86: literature-017.webp | L86: Papaqlı, burma bığlı, kəpənək qalstuklu kişinin fotoportreti | M86: https://commons.wikimedia.org/wiki/File:Muhammad_Hadi.jpg | N86: Public domain (Wikimedia Commons) | O86: https://az.wikipedia.org/wiki/M%C9%99h%C9%99mm%C9%99d_Hadi ; https://commons.wikimedia.org/wiki/File:Muhammad_Hadi.jpg | P86: Təsdiqlənib | Q86: Yoxlandı 16.09.2026: şəklin kimliyi Wikimedia Commons fayl təsvirində, məlumat az.wikipedia məqaləsində təsdiqləndi. Lisenziya Commons metaməlumatındandır.
A87: LIT-086 | B87: "Mahmud və Məryəm" romanının müəllifi kimdir? | C87: Elçin | D87: Yusif Səmədoğlu | E87: Əkrəm Əylisli | F87: Anar | G87: A | H87: Medium | I87: Nəsr | J87: "Mahmud və Məryəm" Elçinin romanıdır. | O87: https://az.wikipedia.org/wiki/El%C3%A7in_(yaz%C4%B1%C3%A7%C4%B1) | P87: Təsdiqlənib | Q87: Yoxlandı 16.09.2026: mənbədə "Mahmud və Məryəm" ifadəsi ilə cavab təsdiqləndi.
A88: LIT-087 | B88: "Dəli Kür" romanının müəllifi kimdir? | C88: Mehdi Hüseyn | D88: İlyas Əfəndiyev | E88: Sabir Əhmədli | F88: İsmayıl Şıxlı | G88: D | H88: Medium | I88: Nəsr | J88: "Dəli Kür" İsmayıl Şıxlının ən məşhur romanıdır. | O88: https://az.wikipedia.org/wiki/%C4%B0smay%C4%B1l_%C5%9E%C4%B1xl%C4%B1 | P88: Təsdiqlənib | Q88: Yoxlandı 16.09.2026: mənbədə "Dəli Kür" ifadəsi ilə cavab təsdiqləndi.
A89: LIT-088 | B89: "Qətl günü" romanının müəllifi kimdir? | C89: Çingiz Hüseynov | D89: Anar | E89: Yusif Səmədoğlu | F89: Elçin | G89: C | H89: Medium | I89: Nəsr | J89: "Qətl günü" Yusif Səmədoğlunun romanıdır. | O89: https://az.wikipedia.org/wiki/Yusif_S%C9%99m%C9%99do%C4%9Flu | P89: Təsdiqlənib | Q89: Yoxlandı 16.09.2026: mənbədə "Qətl günü" ifadəsi ilə cavab təsdiqləndi.
A90: LIT-089 | B90: XIX əsrdə Göyçə mahalında yaşamış ustad aşıq kimdir? | C90: Aşıq Şəmşir | D90: Molla Cümə | E90: Xəstə Qasım | F90: Aşıq Ələsgər | G90: D | H90: Medium | I90: Folklor | J90: Aşıq Ələsgər Göyçə aşıq məktəbinin ən böyük nümayəndəsidir. | O90: https://az.wikipedia.org/wiki/A%C5%9F%C4%B1q_%C6%8Fl%C9%99sg%C9%99r | P90: Təsdiqlənib | Q90: Yoxlandı 16.09.2026: mənbədə "Göyçə" ifadəsi ilə cavab təsdiqləndi.
A91: LIT-090 | B91: Qrafik portretdə təsvir olunan XX əsr əvvəli romantik şairi kimdir? | C91: Abbas Səhhət | D91: Mirzə Ələkbər Sabir | E91: Məhəmməd Hadi | F91: Abdulla Şaiq | G91: A | H91: Medium | I91: Portret | J91: Portretdə şair və tərcüməçi Abbas Səhhət təsvir olunub. | K91: literature-018.webp | L91: Burma bığlı, qalstuklu kişinin qrafik portreti | M91: https://commons.wikimedia.org/wiki/File:AbbasSahhat.jpg | N91: Public domain (Wikimedia Commons) | O91: https://az.wikipedia.org/wiki/Abbas_S%C9%99hh%C9%99t ; https://commons.wikimedia.org/wiki/File:AbbasSahhat.jpg | P91: Təsdiqlənib | Q91: Yoxlandı 16.09.2026: şəklin kimliyi Wikimedia Commons fayl təsvirində, məlumat az.wikipedia məqaləsində təsdiqləndi. Lisenziya Commons metaməlumatındandır.
A92: LIT-091 | B92: Rübailəri ilə tanınan XII əsr Gəncə şairəsi kimdir? | C92: Aşıq Pəri | D92: Məhsəti Gəncəvi | E92: Xurşidbanu Natəvan | F92: Heyran xanım | G92: B | H92: Medium | I92: Klassik poeziya | J92: Məhsəti Gəncəvi rübai janrında gözəl nümunələr yaratmışdır. | O92: https://az.wikipedia.org/wiki/R%C3%BCbai | P92: Təsdiqlənib | Q92: Yoxlandı 16.09.2026: mənbədə "Məhsəti Gəncəvi də rübai" ifadəsi ilə cavab təsdiqləndi.
A93: LIT-092 | B93: Şeirləri alman şairi Fridrix Bodenştedt vasitəsilə Avropada tanınan azərbaycanlı şair kimdir? | C93: Mirzə Fətəli Axundzadə | D93: Qasım bəy Zakir | E93: Mirzə Şəfi Vazeh | F93: Seyid Əzim Şirvani | G93: C | H93: Medium | I93: Klassik poeziya | J93: Bodenştedt Vazehin şeirlərini alman dilinə çevirib yaymışdır. | O93: https://az.wikipedia.org/wiki/Mirz%C9%99_%C5%9E%C9%99fi_Vazeh | P93: Təsdiqlənib | Q93: Yoxlandı 16.09.2026: mənbədə "Bodenştedt" ifadəsi ilə cavab təsdiqləndi.
A94: LIT-093 | B94: "Gülüstani-İrəm" tarixi əsərinin müəllifi kimdir? | C94: Mirzə Fətəli Axundzadə | D94: Abbasqulu ağa Bakıxanov | E94: Həsən bəy Zərdabi | F94: Mirzə Şəfi Vazeh | G94: B | H94: Medium | I94: Maarifçilik | J94: "Gülüstani-İrəm" Bakıxanovun Şirvan və Dağıstan tarixinə dair əsəridir. | O94: https://az.wikipedia.org/wiki/Abbasqulu_a%C4%9Fa_Bak%C4%B1xanov | P94: Təsdiqlənib | Q94: Yoxlandı 16.09.2026: mənbədə "Gülüstani-İrəm" ifadəsi ilə cavab təsdiqləndi.
A95: LIT-094 | B95: "Kitabi-Dədə Qorqud"un Drezden nüsxəsi neçə boydan ibarətdir? | C95: 10 | D95: 15 | E95: 8 | F95: 12 | G95: D | H95: Medium | I95: Folklor | J95: Drezden əlyazmasında müqəddimə və 12 boy var. | O95: https://az.wikipedia.org/wiki/Kitabi-D%C9%99d%C9%99_Qorqud | P95: Təsdiqlənib | Q95: Yoxlandı 16.09.2026: mənbədə "12 boy" ifadəsi ilə cavab təsdiqləndi.
A96: LIT-095 | B96: Şuşada yerləşən şəkildəki məqbərə hansı şairə aiddir? | C96: Xurşidbanu Natəvan | D96: Qasım bəy Zakir | E96: Molla Pənah Vaqif | F96: Molla Vəli Vidadi | G96: C | H96: Medium | I96: Abidə | J96: Şəkildə bərpadan sonra Vaqifin Şuşadakı məqbərəsi təsvir olunub. | K96: literature-019.webp | L96: Ağ daşdan tikilmiş, şəbəkəli naxışlarla bəzədilmiş hündür məqbərə və ona aparan xiyaban | M96: https://commons.wikimedia.org/wiki/File:Vagif_mausoleum_after_restoration,_Shusha,_Azerbaijan.jpg | N96: CC BY 4.0 — müəllif: Presidential Press and Information Office (https://creativecommons.org/licenses/by/4.0) | O96: https://az.wikipedia.org/wiki/Molla_P%C9%99nah_Vaqif ; https://commons.wikimedia.org/wiki/File:Vagif_mausoleum_after_restoration,_Shusha,_Azerbaijan.jpg | P96: Təsdiqlənib | Q96: Yoxlandı 16.09.2026: şəklin kimliyi Wikimedia Commons fayl təsvirində, məlumat az.wikipedia məqaləsində təsdiqləndi ("məqbərə"). Lisenziya Commons metaməlumatındandır.
A97: LIT-096 | B97: Füzulinin əsl adı nədir? | C97: Məhəmməd Rza oğlu | D97: Məhəmməd Süleyman oğlu | E97: Əli Əsgər oğlu | F97: Həsən Əli oğlu | G97: B | H97: Medium | I97: Klassik poeziya | J97: Şairin əsl adı Məhəmməd, atasının adı Süleymandır. | O97: https://az.wikipedia.org/wiki/M%C9%99h%C9%99mm%C9%99d_F%C3%BCzuli | P97: Təsdiqlənib | Q97: Yoxlandı 16.09.2026: mənbədə "Süleyman oğlu" ifadəsi ilə cavab təsdiqləndi.
A98: LIT-097 | B98: Nizami Gəncəvi ömrünü hansı şəhərdə keçirmişdir? | C98: Şamaxı | D98: Gəncə | E98: Bərdə | F98: Təbriz | G98: B | H98: Medium | I98: Klassik poeziya | J98: Nizami Gəncədə doğulmuş və orada yaşamışdır. | O98: https://az.wikipedia.org/wiki/Nizami_G%C9%99nc%C9%99vi | P98: Təsdiqlənib | Q98: Yoxlandı 16.09.2026: mənbədə "Gəncə" ifadəsi ilə cavab təsdiqləndi.
A99: LIT-098 | B99: "Böyük dayaq" romanının müəllifi kimdir? | C99: İlyas Əfəndiyev | D99: Mehdi Hüseyn | E99: Mirzə İbrahimov | F99: Süleyman Rəhimov | G99: C | H99: Medium | I99: Nəsr | J99: "Böyük dayaq" Mirzə İbrahimovun romanıdır. | O99: https://az.wikipedia.org/wiki/Mirz%C9%99_%C4%B0brahimov | P99: Təsdiqlənib | Q99: Yoxlandı 16.09.2026: mənbədə "Böyük dayaq" ifadəsi ilə cavab təsdiqləndi.
A100: LIT-099 | B100: Füzulinin "Leyli və Məcnun" poemasında Məcnunun əsl adı nədir? | C100: Leys | D100: Qeys | E100: Zeyd | F100: Səlim | G100: B | H100: Medium | I100: Klassik poeziya | J100: Məcnun ləqəbli qəhrəmanın əsl adı Qeysdir. | O100: https://az.wikipedia.org/wiki/Leyli_v%C9%99_M%C9%99cnun_(F%C3%BCzuli) | P100: Təsdiqlənib | Q100: Yoxlandı 16.09.2026: mənbədə "Qeys" ifadəsi ilə cavab təsdiqləndi.
...

Sheet Yoxlama
A1: Ədəbiyyat Dünyası — doldurma yoxlaması
A3: Göstərici | B3: Cari | C3: Hədəf | D3: Nəticə
A4: Ümumi sual | B4: =COUNTA(Questions!B2:B151) -> 150 | C4: 150 | D4: =IF(B4=C4,"OK","Yoxla") -> OK
A5: Easy | B5: =COUNTIF(Questions!H2:H151,"Easy") -> 45 | C5: 45 | D5: =IF(B5=C5,"OK","Yoxla") -> OK
A6: Medium | B6: =COUNTIF(Questions!H2:H151,"Medium") -> 60 | C6: 60 | D6: =IF(B6=C6,"OK","Yoxla") -> OK
A7: Hard | B7: =COUNTIF(Questions!H2:H151,"Hard") -> 45 | C7: 45 | D7: =IF(B7=C7,"OK","Yoxla") -> OK
A8: Şəkilli sual | B8: =COUNTIF(Questions!K2:K151,"<>") -> 30 | C8: 30 | D8: =IF(B8=C8,"OK","Yoxla") -> OK
A9: Mətnli sual | B9: =COUNTA(Questions!B2:B151)-COUNTIF(Questions!K2:K151,"<>") -> 120 | C9: 120 | D9: =IF(B9=C9,"OK","Yoxla") -> OK
A10: Şəkilli Easy | B10: =COUNTIFS(Questions!H2:H151,"Easy",Questions!K2:K151,"<>") -> 9 | C10: 9 | D10: =IF(B10=C10,"OK","Yoxla") -> OK
A11: Şəkilli Medium | B11: =COUNTIFS(Questions!H2:H151,"Medium",Questions!K2:K151,"<>") -> 12 | C11: 12 | D11: =IF(B11=C11,"OK","Yoxla") -> OK
A12: Şəkilli Hard | B12: =COUNTIFS(Questions!H2:H151,"Hard",Questions!K2:K151,"<>") -> 9 | C12: 9 | D12: =IF(B12=C12,"OK","Yoxla") -> OK
A13: Düzgün cavab A | B13: =COUNTIF(Questions!G2:G151,"A") -> 38 | C13: 38 | D13: =IF(B13=C13,"OK","Yoxla") -> OK
A14: Düzgün cavab B | B14: =COUNTIF(Questions!G2:G151,"B") -> 38 | C14: 38 | D14: =IF(B14=C14,"OK","Yoxla") -> OK
A15: Düzgün cavab C | B15: =COUNTIF(Questions!G2:G151,"C") -> 37 | C15: 37 | D15: =IF(B15=C15,"OK","Yoxla") -> OK
A16: Düzgün cavab D | B16: =COUNTIF(Questions!G2:G151,"D") -> 37 | C16: 37 | D16: =IF(B16=C16,"OK","Yoxla") -> OK
A17: Mənbəsiz sual | B17: =COUNTA(Questions!B2:B151)-COUNTIF(Questions!O2:O151,"<>") -> 0 | C17: 0 | D17: =IF(B17=C17,"OK","Yoxla") -> OK
A18: Mənbəsiz şəkil | B18: =COUNTIF(Questions!K2:K151,"<>")-COUNTIFS(Questions!K2:K151,"<>",Questions!M2:M151,"<>") -> 0 | C18: 0 | D18: =IF(B18=C18,"OK","Yoxla") -> OK
A19: Lisenziyasız şəkil | B19: =COUNTIF(Questions!K2:K151,"<>")-COUNTIFS(Questions!K2:K151,"<>",Questions!N2:N151,"<>") -> 0 | C19: 0 | D19: =IF(B19=C19,"OK","Yoxla") -> OK
A20: Alt mətni olmayan şəkil | B20: =COUNTIF(Questions!K2:K151,"<>")-COUNTIFS(Questions!K2:K151,"<>",Questions!L2:L151,"<>") -> 0 | C20: 0 | D20: =IF(B20=C20,"OK","Yoxla") -> OK
A23: Gözləyir | B23: =COUNTIFS(Questions!B2:B151,"<>",Questions!P2:P151,"Gözləyir") -> 0
A24: Təsdiqlənib | B24: =COUNTIFS(Questions!B2:B151,"<>",Questions!P2:P151,"Təsdiqlənib") -> 150
A25: Rədd edilib | B25: =COUNTIFS(Questions!B2:B151,"<>",Questions!P2:P151,"Rədd edilib") -> 0
A27: Qeyd: Qırmızı ilə işarələnən nəticələr hədəfdən fərqlənir. Questions səhifəsində eyni ID və ya eyni sual təkrarlanarsa hüceyrə qırmızı görünəcək.

Sheet Təlimat
A1: Ədəbiyyat Dünyası sual bankı — doldurma qaydaları
A3: Bölmə | B3: Qayda
A4: Sual sayı | B4: Dəqiq 150 sual: 45 Easy, 60 Medium, 45 Hard.
A5: Şəkil sayı | B5: 30 şəkilli sual: 9 Easy, 12 Medium, 9 Hard. Qalan 120 sual mətnli olmalıdır.
A6: ID | B6: ID-lər hazırdır: LIT-001–LIT-150. Dəyişdirməyin və təkrarlamayın.
A7: Düzgün cavab | B7: Yalnız A, B, C və ya D seçin. Hədəf: 38 / 38 / 37 / 37.
A8: Çətinlik | B8: Yalnız Easy, Medium və ya Hard seçin.
A9: Status | B9: İlkin Gözləyir. Fakt və mənbə yoxlandıqdan sonra Təsdiqlənib seçin.
A10: Bir sətir | B10: Hər sətirdə yalnız bir sual olsun. Hüceyrələri birləşdirməyin, gizli sətir yaratmayın.
A11: Mənbə | B11: Hər sual üçün birbaşa və etibarlı mənbə yazın. Ana səhifə və axtarış nəticəsi linki kifayət deyil.
A12: Şəkil | B12: Şəkli Excel-ə yerləşdirməyin. images qovluğunda ayrıca saxlayın.
A13: Şəkil adı | B13: Neytral ad istifadə edin: literature-001.jpg və s. Fayl adı cavabı açıqlamasın.
A14: Alt mətn | B14: Neytral təsvir yazın. Məsələn: Klassik geyimli ədibin portreti. Cavabın adını yazmayın.
... A19: Qovluq | B19: edebiyyat-dunyasi.xlsx və images/ qovluğunu birlikdə təhvil verin.
